
/*Data for the table `cfg_dataset` */

insert  into `cfg_dataset`(`id`,`table_name`,`q_list_xml`,`q_cond_xml`,`e_create_xml`,`e_update_xml`,`status`,`creator_id`,`create_time`,`modifier_id`,`modify_time`,`db_id`,`table_desc`) values (1,'test','<?xml version=\"1.0\" encoding=\"UTF-8\"?>\n\n<dataset>\n  <edit>\n    <field code=\"11\" name=\"11\" description=\"11\" editType=\"input\" isKey=\"false\" isName=\"true\">\n      <enum value=\"1\" name=\"1\"/>\n    </field>\n  </edit>\n  <rule>\n    <field code=\"22\" name=\"22\" description=\"22\" isKey=\"false\" value=\"incr\"/>\n  </rule>\n  <hid>\n    <field code=\"44\" name=\"44\" description=\"44\"/>\n  </hid>\n</dataset>\n',NULL,NULL,NULL,1,1,'2019-06-10 19:20:18',NULL,NULL,1,NULL);
insert  into `cfg_dataset`(`id`,`table_name`,`q_list_xml`,`q_cond_xml`,`e_create_xml`,`e_update_xml`,`status`,`creator_id`,`create_time`,`modifier_id`,`modify_time`,`db_id`,`table_desc`) values (38,'app_exh_user_charac','<dataset><edit/><rule/><hid><field code=\"user_id\" name=\"user_id\" editType=\"input\" isKey=\"true\" isName=\"false\" notNull=\"false\">\n  <tipinfo/>\n</field><field code=\"user_type\" name=\"user_type\" editType=\"input\" showType=\"hidden\" isKey=\"false\" isName=\"false\" notNull=\"false\">\n  <tipinfo/>\n</field><field code=\"weighted_avg_money_p2p\" name=\"weighted_avg_money_p2p\" editType=\"input\" showType=\"hidden\" isKey=\"false\" isName=\"false\" notNull=\"false\">\n  <tipinfo/>\n</field><field code=\"weighted_avg_term_p2p\" name=\"weighted_avg_term_p2p\" editType=\"input\" showType=\"hidden\" isKey=\"false\" isName=\"false\" notNull=\"false\">\n  <tipinfo/>\n</field><field code=\"invest_cnt_p2p\" name=\"invest_cnt_p2p\" editType=\"input\" showType=\"hidden\" isKey=\"false\" isName=\"false\" notNull=\"false\">\n  <tipinfo/>\n</field><field code=\"weighted_avg_money_zx\" name=\"weighted_avg_money_zx\" editType=\"input\" showType=\"hidden\" isKey=\"false\" isName=\"false\" notNull=\"false\">\n  <tipinfo/>\n</field><field code=\"weighted_avg_term_zx\" name=\"weighted_avg_term_zx\" editType=\"input\" showType=\"hidden\" isKey=\"false\" isName=\"false\" notNull=\"false\">\n  <tipinfo/>\n</field><field code=\"invest_cnt_zx\" name=\"invest_cnt_zx\" editType=\"input\" showType=\"hidden\" isKey=\"false\" isName=\"false\" notNull=\"false\">\n  <tipinfo/>\n</field><field code=\"weighted_avg_money_duotou\" name=\"weighted_avg_money_duotou\" editType=\"input\" showType=\"hidden\" isKey=\"false\" isName=\"false\" notNull=\"false\">\n  <tipinfo/>\n</field><field code=\"weighted_avg_term_duotou\" name=\"weighted_avg_term_duotou\" editType=\"input\" showType=\"hidden\" isKey=\"false\" isName=\"false\" notNull=\"false\">\n  <tipinfo/>\n</field><field code=\"invest_cnt_duotou\" name=\"invest_cnt_duotou\" editType=\"input\" showType=\"hidden\" isKey=\"false\" isName=\"false\" notNull=\"false\">\n  <tipinfo/>\n</field><field code=\"weighted_avg_money_rsvp2p\" name=\"weighted_avg_money_rsvp2p\" editType=\"input\" showType=\"hidden\" isKey=\"false\" isName=\"false\" notNull=\"false\">\n  <tipinfo/>\n</field><field code=\"weighted_avg_term_rsvp2p\" name=\"weighted_avg_term_rsvp2p\" editType=\"input\" showType=\"hidden\" isKey=\"false\" isName=\"false\" notNull=\"false\">\n  <tipinfo/>\n</field><field code=\"invest_cnt_rsvp2p\" name=\"invest_cnt_rsvp2p\" editType=\"input\" showType=\"hidden\" isKey=\"false\" isName=\"false\" notNull=\"false\">\n  <tipinfo/>\n</field><field code=\"weighted_avg_money_rsvzx\" name=\"weighted_avg_money_rsvzx\" editType=\"input\" showType=\"hidden\" isKey=\"false\" isName=\"false\" notNull=\"false\">\n  <tipinfo/>\n</field><field code=\"weighted_avg_term_rsvzx\" name=\"weighted_avg_term_rsvzx\" editType=\"input\" showType=\"hidden\" isKey=\"false\" isName=\"false\" notNull=\"false\">\n  <tipinfo/>\n</field><field code=\"invest_cnt_rsvzx\" name=\"invest_cnt_rsvzx\" editType=\"input\" showType=\"hidden\" isKey=\"false\" isName=\"false\" notNull=\"false\">\n  <tipinfo/>\n</field></hid></dataset>','<dataset><edit/><rule/><hid><field code=\"user_id\" name=\"user_id\" editType=\"input\" isKey=\"true\" isName=\"false\" notNull=\"false\">\n  <tipinfo/>\n</field><field code=\"user_type\" name=\"user_type\" editType=\"input\" showType=\"hidden\" isKey=\"false\" isName=\"false\" notNull=\"false\">\n  <tipinfo/>\n</field><field code=\"weighted_avg_money_p2p\" name=\"weighted_avg_money_p2p\" editType=\"input\" showType=\"hidden\" isKey=\"false\" isName=\"false\" notNull=\"false\">\n  <tipinfo/>\n</field><field code=\"weighted_avg_term_p2p\" name=\"weighted_avg_term_p2p\" editType=\"input\" showType=\"hidden\" isKey=\"false\" isName=\"false\" notNull=\"false\">\n  <tipinfo/>\n</field><field code=\"invest_cnt_p2p\" name=\"invest_cnt_p2p\" editType=\"input\" showType=\"hidden\" isKey=\"false\" isName=\"false\" notNull=\"false\">\n  <tipinfo/>\n</field><field code=\"weighted_avg_money_zx\" name=\"weighted_avg_money_zx\" editType=\"input\" showType=\"hidden\" isKey=\"false\" isName=\"false\" notNull=\"false\">\n  <tipinfo/>\n</field><field code=\"weighted_avg_term_zx\" name=\"weighted_avg_term_zx\" editType=\"input\" showType=\"hidden\" isKey=\"false\" isName=\"false\" notNull=\"false\">\n  <tipinfo/>\n</field><field code=\"invest_cnt_zx\" name=\"invest_cnt_zx\" editType=\"input\" showType=\"hidden\" isKey=\"false\" isName=\"false\" notNull=\"false\">\n  <tipinfo/>\n</field><field code=\"weighted_avg_money_duotou\" name=\"weighted_avg_money_duotou\" editType=\"input\" showType=\"hidden\" isKey=\"false\" isName=\"false\" notNull=\"false\">\n  <tipinfo/>\n</field><field code=\"weighted_avg_term_duotou\" name=\"weighted_avg_term_duotou\" editType=\"input\" showType=\"hidden\" isKey=\"false\" isName=\"false\" notNull=\"false\">\n  <tipinfo/>\n</field><field code=\"invest_cnt_duotou\" name=\"invest_cnt_duotou\" editType=\"input\" showType=\"hidden\" isKey=\"false\" isName=\"false\" notNull=\"false\">\n  <tipinfo/>\n</field><field code=\"weighted_avg_money_rsvp2p\" name=\"weighted_avg_money_rsvp2p\" editType=\"input\" showType=\"hidden\" isKey=\"false\" isName=\"false\" notNull=\"false\">\n  <tipinfo/>\n</field><field code=\"weighted_avg_term_rsvp2p\" name=\"weighted_avg_term_rsvp2p\" editType=\"input\" showType=\"hidden\" isKey=\"false\" isName=\"false\" notNull=\"false\">\n  <tipinfo/>\n</field><field code=\"invest_cnt_rsvp2p\" name=\"invest_cnt_rsvp2p\" editType=\"input\" showType=\"hidden\" isKey=\"false\" isName=\"false\" notNull=\"false\">\n  <tipinfo/>\n</field><field code=\"weighted_avg_money_rsvzx\" name=\"weighted_avg_money_rsvzx\" editType=\"input\" showType=\"hidden\" isKey=\"false\" isName=\"false\" notNull=\"false\">\n  <tipinfo/>\n</field><field code=\"weighted_avg_term_rsvzx\" name=\"weighted_avg_term_rsvzx\" editType=\"input\" showType=\"hidden\" isKey=\"false\" isName=\"false\" notNull=\"false\">\n  <tipinfo/>\n</field><field code=\"invest_cnt_rsvzx\" name=\"invest_cnt_rsvzx\" editType=\"input\" showType=\"hidden\" isKey=\"false\" isName=\"false\" notNull=\"false\">\n  <tipinfo/>\n</field></hid></dataset>','<dataset><edit/><rule/><hid><field code=\"user_id\" name=\"user_id\" editType=\"input\" isKey=\"true\" isName=\"false\" notNull=\"false\">\n  <tipinfo/>\n</field><field code=\"user_type\" name=\"user_type\" editType=\"input\" showType=\"hidden\" isKey=\"false\" isName=\"false\" notNull=\"false\">\n  <tipinfo/>\n</field><field code=\"weighted_avg_money_p2p\" name=\"weighted_avg_money_p2p\" editType=\"input\" showType=\"hidden\" isKey=\"false\" isName=\"false\" notNull=\"false\">\n  <tipinfo/>\n</field><field code=\"weighted_avg_term_p2p\" name=\"weighted_avg_term_p2p\" editType=\"input\" showType=\"hidden\" isKey=\"false\" isName=\"false\" notNull=\"false\">\n  <tipinfo/>\n</field><field code=\"invest_cnt_p2p\" name=\"invest_cnt_p2p\" editType=\"input\" showType=\"hidden\" isKey=\"false\" isName=\"false\" notNull=\"false\">\n  <tipinfo/>\n</field><field code=\"weighted_avg_money_zx\" name=\"weighted_avg_money_zx\" editType=\"input\" showType=\"hidden\" isKey=\"false\" isName=\"false\" notNull=\"false\">\n  <tipinfo/>\n</field><field code=\"weighted_avg_term_zx\" name=\"weighted_avg_term_zx\" editType=\"input\" showType=\"hidden\" isKey=\"false\" isName=\"false\" notNull=\"false\">\n  <tipinfo/>\n</field><field code=\"invest_cnt_zx\" name=\"invest_cnt_zx\" editType=\"input\" showType=\"hidden\" isKey=\"false\" isName=\"false\" notNull=\"false\">\n  <tipinfo/>\n</field><field code=\"weighted_avg_money_duotou\" name=\"weighted_avg_money_duotou\" editType=\"input\" showType=\"hidden\" isKey=\"false\" isName=\"false\" notNull=\"false\">\n  <tipinfo/>\n</field><field code=\"weighted_avg_term_duotou\" name=\"weighted_avg_term_duotou\" editType=\"input\" showType=\"hidden\" isKey=\"false\" isName=\"false\" notNull=\"false\">\n  <tipinfo/>\n</field><field code=\"invest_cnt_duotou\" name=\"invest_cnt_duotou\" editType=\"input\" showType=\"hidden\" isKey=\"false\" isName=\"false\" notNull=\"false\">\n  <tipinfo/>\n</field><field code=\"weighted_avg_money_rsvp2p\" name=\"weighted_avg_money_rsvp2p\" editType=\"input\" showType=\"hidden\" isKey=\"false\" isName=\"false\" notNull=\"false\">\n  <tipinfo/>\n</field><field code=\"weighted_avg_term_rsvp2p\" name=\"weighted_avg_term_rsvp2p\" editType=\"input\" showType=\"hidden\" isKey=\"false\" isName=\"false\" notNull=\"false\">\n  <tipinfo/>\n</field><field code=\"invest_cnt_rsvp2p\" name=\"invest_cnt_rsvp2p\" editType=\"input\" showType=\"hidden\" isKey=\"false\" isName=\"false\" notNull=\"false\">\n  <tipinfo/>\n</field><field code=\"weighted_avg_money_rsvzx\" name=\"weighted_avg_money_rsvzx\" editType=\"input\" showType=\"hidden\" isKey=\"false\" isName=\"false\" notNull=\"false\">\n  <tipinfo/>\n</field><field code=\"weighted_avg_term_rsvzx\" name=\"weighted_avg_term_rsvzx\" editType=\"input\" showType=\"hidden\" isKey=\"false\" isName=\"false\" notNull=\"false\">\n  <tipinfo/>\n</field><field code=\"invest_cnt_rsvzx\" name=\"invest_cnt_rsvzx\" editType=\"input\" showType=\"hidden\" isKey=\"false\" isName=\"false\" notNull=\"false\">\n  <tipinfo/>\n</field></hid></dataset>','<dataset><edit/><rule/><hid><field code=\"user_id\" name=\"user_id\" editType=\"input\" isKey=\"true\" isName=\"false\" notNull=\"false\">\n  <tipinfo/>\n</field><field code=\"user_type\" name=\"user_type\" editType=\"input\" showType=\"hidden\" isKey=\"false\" isName=\"false\" notNull=\"false\">\n  <tipinfo/>\n</field><field code=\"weighted_avg_money_p2p\" name=\"weighted_avg_money_p2p\" editType=\"input\" showType=\"hidden\" isKey=\"false\" isName=\"false\" notNull=\"false\">\n  <tipinfo/>\n</field><field code=\"weighted_avg_term_p2p\" name=\"weighted_avg_term_p2p\" editType=\"input\" showType=\"hidden\" isKey=\"false\" isName=\"false\" notNull=\"false\">\n  <tipinfo/>\n</field><field code=\"invest_cnt_p2p\" name=\"invest_cnt_p2p\" editType=\"input\" showType=\"hidden\" isKey=\"false\" isName=\"false\" notNull=\"false\">\n  <tipinfo/>\n</field><field code=\"weighted_avg_money_zx\" name=\"weighted_avg_money_zx\" editType=\"input\" showType=\"hidden\" isKey=\"false\" isName=\"false\" notNull=\"false\">\n  <tipinfo/>\n</field><field code=\"weighted_avg_term_zx\" name=\"weighted_avg_term_zx\" editType=\"input\" showType=\"hidden\" isKey=\"false\" isName=\"false\" notNull=\"false\">\n  <tipinfo/>\n</field><field code=\"invest_cnt_zx\" name=\"invest_cnt_zx\" editType=\"input\" showType=\"hidden\" isKey=\"false\" isName=\"false\" notNull=\"false\">\n  <tipinfo/>\n</field><field code=\"weighted_avg_money_duotou\" name=\"weighted_avg_money_duotou\" editType=\"input\" showType=\"hidden\" isKey=\"false\" isName=\"false\" notNull=\"false\">\n  <tipinfo/>\n</field><field code=\"weighted_avg_term_duotou\" name=\"weighted_avg_term_duotou\" editType=\"input\" showType=\"hidden\" isKey=\"false\" isName=\"false\" notNull=\"false\">\n  <tipinfo/>\n</field><field code=\"invest_cnt_duotou\" name=\"invest_cnt_duotou\" editType=\"input\" showType=\"hidden\" isKey=\"false\" isName=\"false\" notNull=\"false\">\n  <tipinfo/>\n</field><field code=\"weighted_avg_money_rsvp2p\" name=\"weighted_avg_money_rsvp2p\" editType=\"input\" showType=\"hidden\" isKey=\"false\" isName=\"false\" notNull=\"false\">\n  <tipinfo/>\n</field><field code=\"weighted_avg_term_rsvp2p\" name=\"weighted_avg_term_rsvp2p\" editType=\"input\" showType=\"hidden\" isKey=\"false\" isName=\"false\" notNull=\"false\">\n  <tipinfo/>\n</field><field code=\"invest_cnt_rsvp2p\" name=\"invest_cnt_rsvp2p\" editType=\"input\" showType=\"hidden\" isKey=\"false\" isName=\"false\" notNull=\"false\">\n  <tipinfo/>\n</field><field code=\"weighted_avg_money_rsvzx\" name=\"weighted_avg_money_rsvzx\" editType=\"input\" showType=\"hidden\" isKey=\"false\" isName=\"false\" notNull=\"false\">\n  <tipinfo/>\n</field><field code=\"weighted_avg_term_rsvzx\" name=\"weighted_avg_term_rsvzx\" editType=\"input\" showType=\"hidden\" isKey=\"false\" isName=\"false\" notNull=\"false\">\n  <tipinfo/>\n</field><field code=\"invest_cnt_rsvzx\" name=\"invest_cnt_rsvzx\" editType=\"input\" showType=\"hidden\" isKey=\"false\" isName=\"false\" notNull=\"false\">\n  <tipinfo/>\n</field></hid></dataset>',1,NULL,NULL,NULL,NULL,1,NULL);
insert  into `cfg_dataset`(`id`,`table_name`,`q_list_xml`,`q_cond_xml`,`e_create_xml`,`e_update_xml`,`status`,`creator_id`,`create_time`,`modifier_id`,`modify_time`,`db_id`,`table_desc`) values (39,'auto_discount_user_indicators','<dataset><edit/><rule/><hid><field code=\"logdate\" name=\"统计日期\" editType=\"input\" showType=\"hidden\" isKey=\"false\" isName=\"false\" notNull=\"false\">\n  <tipinfo>统计日期</tipinfo>\n</field><field code=\"user_id\" name=\"用户ID\" editType=\"input\" showType=\"hidden\" isKey=\"false\" isName=\"false\" notNull=\"false\">\n  <tipinfo>用户ID</tipinfo>\n</field><field code=\"user_type\" name=\"用户分类\" editType=\"input\" showType=\"hidden\" isKey=\"false\" isName=\"false\" notNull=\"false\">\n  <tipinfo>用户分类</tipinfo>\n</field><field code=\"coupon_type\" name=\"券类型\" editType=\"input\" showType=\"hidden\" isKey=\"false\" isName=\"false\" notNull=\"false\">\n  <tipinfo>券类型</tipinfo>\n</field><field code=\"adapt_cast_rate\" name=\"适配成本率\" editType=\"input\" showType=\"hidden\" isKey=\"false\" isName=\"false\" notNull=\"false\">\n  <tipinfo>适配成本率</tipinfo>\n</field><field code=\"adapt_begin_money\" name=\"适配起投金额\" editType=\"input\" showType=\"hidden\" isKey=\"false\" isName=\"false\" notNull=\"false\">\n  <tipinfo>适配起投金额</tipinfo>\n</field><field code=\"adapt_begin_period\" name=\"适配起投期限\" editType=\"input\" showType=\"hidden\" isKey=\"false\" isName=\"false\" notNull=\"false\">\n  <tipinfo>适配起投期限</tipinfo>\n</field></hid></dataset>','<dataset><edit/><rule/><hid><field code=\"logdate\" name=\"统计日期\" editType=\"input\" showType=\"hidden\" isKey=\"false\" isName=\"false\" notNull=\"false\">\n  <tipinfo>统计日期</tipinfo>\n</field><field code=\"user_id\" name=\"用户ID\" editType=\"input\" showType=\"hidden\" isKey=\"false\" isName=\"false\" notNull=\"false\">\n  <tipinfo>用户ID</tipinfo>\n</field><field code=\"user_type\" name=\"用户分类\" editType=\"input\" showType=\"hidden\" isKey=\"false\" isName=\"false\" notNull=\"false\">\n  <tipinfo>用户分类</tipinfo>\n</field><field code=\"coupon_type\" name=\"券类型\" editType=\"input\" showType=\"hidden\" isKey=\"false\" isName=\"false\" notNull=\"false\">\n  <tipinfo>券类型</tipinfo>\n</field><field code=\"adapt_cast_rate\" name=\"适配成本率\" editType=\"input\" showType=\"hidden\" isKey=\"false\" isName=\"false\" notNull=\"false\">\n  <tipinfo>适配成本率</tipinfo>\n</field><field code=\"adapt_begin_money\" name=\"适配起投金额\" editType=\"input\" showType=\"hidden\" isKey=\"false\" isName=\"false\" notNull=\"false\">\n  <tipinfo>适配起投金额</tipinfo>\n</field><field code=\"adapt_begin_period\" name=\"适配起投期限\" editType=\"input\" showType=\"hidden\" isKey=\"false\" isName=\"false\" notNull=\"false\">\n  <tipinfo>适配起投期限</tipinfo>\n</field></hid></dataset>','<dataset><edit/><rule/><hid><field code=\"logdate\" name=\"统计日期\" editType=\"input\" showType=\"hidden\" isKey=\"false\" isName=\"false\" notNull=\"false\">\n  <tipinfo>统计日期</tipinfo>\n</field><field code=\"user_id\" name=\"用户ID\" editType=\"input\" showType=\"hidden\" isKey=\"false\" isName=\"false\" notNull=\"false\">\n  <tipinfo>用户ID</tipinfo>\n</field><field code=\"user_type\" name=\"用户分类\" editType=\"input\" showType=\"hidden\" isKey=\"false\" isName=\"false\" notNull=\"false\">\n  <tipinfo>用户分类</tipinfo>\n</field><field code=\"coupon_type\" name=\"券类型\" editType=\"input\" showType=\"hidden\" isKey=\"false\" isName=\"false\" notNull=\"false\">\n  <tipinfo>券类型</tipinfo>\n</field><field code=\"adapt_cast_rate\" name=\"适配成本率\" editType=\"input\" showType=\"hidden\" isKey=\"false\" isName=\"false\" notNull=\"false\">\n  <tipinfo>适配成本率</tipinfo>\n</field><field code=\"adapt_begin_money\" name=\"适配起投金额\" editType=\"input\" showType=\"hidden\" isKey=\"false\" isName=\"false\" notNull=\"false\">\n  <tipinfo>适配起投金额</tipinfo>\n</field><field code=\"adapt_begin_period\" name=\"适配起投期限\" editType=\"input\" showType=\"hidden\" isKey=\"false\" isName=\"false\" notNull=\"false\">\n  <tipinfo>适配起投期限</tipinfo>\n</field></hid></dataset>','<dataset><edit/><rule/><hid><field code=\"logdate\" name=\"统计日期\" editType=\"input\" showType=\"hidden\" isKey=\"false\" isName=\"false\" notNull=\"false\">\n  <tipinfo>统计日期</tipinfo>\n</field><field code=\"user_id\" name=\"用户ID\" editType=\"input\" showType=\"hidden\" isKey=\"false\" isName=\"false\" notNull=\"false\">\n  <tipinfo>用户ID</tipinfo>\n</field><field code=\"user_type\" name=\"用户分类\" editType=\"input\" showType=\"hidden\" isKey=\"false\" isName=\"false\" notNull=\"false\">\n  <tipinfo>用户分类</tipinfo>\n</field><field code=\"coupon_type\" name=\"券类型\" editType=\"input\" showType=\"hidden\" isKey=\"false\" isName=\"false\" notNull=\"false\">\n  <tipinfo>券类型</tipinfo>\n</field><field code=\"adapt_cast_rate\" name=\"适配成本率\" editType=\"input\" showType=\"hidden\" isKey=\"false\" isName=\"false\" notNull=\"false\">\n  <tipinfo>适配成本率</tipinfo>\n</field><field code=\"adapt_begin_money\" name=\"适配起投金额\" editType=\"input\" showType=\"hidden\" isKey=\"false\" isName=\"false\" notNull=\"false\">\n  <tipinfo>适配起投金额</tipinfo>\n</field><field code=\"adapt_begin_period\" name=\"适配起投期限\" editType=\"input\" showType=\"hidden\" isKey=\"false\" isName=\"false\" notNull=\"false\">\n  <tipinfo>适配起投期限</tipinfo>\n</field></hid></dataset>',1,NULL,NULL,NULL,NULL,1,NULL);
insert  into `cfg_dataset`(`id`,`table_name`,`q_list_xml`,`q_cond_xml`,`e_create_xml`,`e_update_xml`,`status`,`creator_id`,`create_time`,`modifier_id`,`modify_time`,`db_id`,`table_desc`) values (40,'canal_gold_crt_money','<dataset><edit/><rule><field code=\"id\" name=\"id\" editType=\"input\" isKey=\"true\" isName=\"false\" notNull=\"false\" defVal=\"incr\">\n  <tipinfo/>\n</field></rule><hid><field code=\"logdate\" name=\"logdate\" editType=\"input\" showType=\"hidden\" isKey=\"false\" isName=\"false\" notNull=\"false\">\n  <tipinfo/>\n</field><field code=\"money\" name=\"榛勯噾娲绘湡鏃ヤ氦鏄撻\" editType=\"input\" showType=\"hidden\" isKey=\"false\" isName=\"false\" notNull=\"false\">\n  <tipinfo>榛勯噾娲绘湡鏃ヤ氦鏄撻</tipinfo>\n</field></hid></dataset>','<dataset><edit/><rule><field code=\"id\" name=\"id\" editType=\"input\" isKey=\"true\" isName=\"false\" notNull=\"false\" defVal=\"incr\">\n  <tipinfo/>\n</field></rule><hid><field code=\"logdate\" name=\"logdate\" editType=\"input\" showType=\"hidden\" isKey=\"false\" isName=\"false\" notNull=\"false\">\n  <tipinfo/>\n</field><field code=\"money\" name=\"榛勯噾娲绘湡鏃ヤ氦鏄撻\" editType=\"input\" showType=\"hidden\" isKey=\"false\" isName=\"false\" notNull=\"false\">\n  <tipinfo>榛勯噾娲绘湡鏃ヤ氦鏄撻</tipinfo>\n</field></hid></dataset>','<?xml version=\"1.0\" encoding=\"UTF-8\"?>\n\n<dataset>\n  <rule>\n    <field code=\"id\" name=\"id\" editType=\"input\" isKey=\"true\" defVal=\"incr\"/>\n  </rule>\n  <hid>\n    <field code=\"logdate\" name=\"logdate\" editType=\"input\" isKey=\"false\" isName=\"false\"/>\n    <field code=\"money\" name=\"金额\" editType=\"input\" isKey=\"false\" isName=\"false\">\n      <tipinfo>金额</tipinfo>\n    </field>\n  </hid>\n</dataset>\n','<?xml version=\"1.0\" encoding=\"UTF-8\"?>\n\n<dataset>\n  <rule>\n    <field code=\"id\" name=\"编码\" editType=\"input\" isKey=\"true\" defVal=\"incr\"/>\n  </rule>\n  <hid>\n    <field code=\"logdate\" name=\"日期\" editType=\"input\" isKey=\"false\" isName=\"false\"/>\n    <field code=\"money\" name=\"金额\" editType=\"input\" isKey=\"false\" isName=\"false\">\n      <tipinfo>金额</tipinfo>\n    </field>\n  </hid>\n</dataset>\n',1,NULL,NULL,NULL,NULL,1,NULL);
insert  into `cfg_dataset`(`id`,`table_name`,`q_list_xml`,`q_cond_xml`,`e_create_xml`,`e_update_xml`,`status`,`creator_id`,`create_time`,`modifier_id`,`modify_time`,`db_id`,`table_desc`) values (41,'canal_gold_money','<dataset><edit/><rule><field code=\"id\" name=\"id\" editType=\"input\" isKey=\"true\" isName=\"false\" notNull=\"false\" defVal=\"incr\">\n  <tipinfo/>\n</field></rule><hid><field code=\"logdate\" name=\"logdate\" editType=\"input\" showType=\"hidden\" isKey=\"false\" isName=\"false\" notNull=\"false\">\n  <tipinfo/>\n</field><field code=\"money\" name=\"榛勯噾瀹氭湡鏃ヤ氦鏄撻\" editType=\"input\" showType=\"hidden\" isKey=\"false\" isName=\"false\" notNull=\"false\">\n  <tipinfo>榛勯噾瀹氭湡鏃ヤ氦鏄撻</tipinfo>\n</field></hid></dataset>','<dataset><edit/><rule><field code=\"id\" name=\"id\" editType=\"input\" isKey=\"true\" isName=\"false\" notNull=\"false\" defVal=\"incr\">\n  <tipinfo/>\n</field></rule><hid><field code=\"logdate\" name=\"logdate\" editType=\"input\" showType=\"hidden\" isKey=\"false\" isName=\"false\" notNull=\"false\">\n  <tipinfo/>\n</field><field code=\"money\" name=\"榛勯噾瀹氭湡鏃ヤ氦鏄撻\" editType=\"input\" showType=\"hidden\" isKey=\"false\" isName=\"false\" notNull=\"false\">\n  <tipinfo>榛勯噾瀹氭湡鏃ヤ氦鏄撻</tipinfo>\n</field></hid></dataset>','<dataset><edit/><rule><field code=\"id\" name=\"id\" editType=\"input\" isKey=\"true\" isName=\"false\" notNull=\"false\" defVal=\"incr\">\n  <tipinfo/>\n</field></rule><hid><field code=\"logdate\" name=\"logdate\" editType=\"input\" showType=\"hidden\" isKey=\"false\" isName=\"false\" notNull=\"false\">\n  <tipinfo/>\n</field><field code=\"money\" name=\"榛勯噾瀹氭湡鏃ヤ氦鏄撻\" editType=\"input\" showType=\"hidden\" isKey=\"false\" isName=\"false\" notNull=\"false\">\n  <tipinfo>榛勯噾瀹氭湡鏃ヤ氦鏄撻</tipinfo>\n</field></hid></dataset>','<dataset><edit/><rule><field code=\"id\" name=\"id\" editType=\"input\" isKey=\"true\" isName=\"false\" notNull=\"false\" defVal=\"incr\">\n  <tipinfo/>\n</field></rule><hid><field code=\"logdate\" name=\"logdate\" editType=\"input\" showType=\"hidden\" isKey=\"false\" isName=\"false\" notNull=\"false\">\n  <tipinfo/>\n</field><field code=\"money\" name=\"榛勯噾瀹氭湡鏃ヤ氦鏄撻\" editType=\"input\" showType=\"hidden\" isKey=\"false\" isName=\"false\" notNull=\"false\">\n  <tipinfo>榛勯噾瀹氭湡鏃ヤ氦鏄撻</tipinfo>\n</field></hid></dataset>',1,NULL,NULL,NULL,NULL,1,NULL);
insert  into `cfg_dataset`(`id`,`table_name`,`q_list_xml`,`q_cond_xml`,`e_create_xml`,`e_update_xml`,`status`,`creator_id`,`create_time`,`modifier_id`,`modify_time`,`db_id`,`table_desc`) values (42,'canal_hour_deal_money','<dataset><edit/><rule><field code=\"id\" name=\"id\" editType=\"input\" isKey=\"true\" isName=\"false\" notNull=\"false\" defVal=\"incr\">\n  <tipinfo/>\n</field></rule><hid><field code=\"logdate\" name=\"logdate\" editType=\"input\" showType=\"hidden\" isKey=\"false\" isName=\"false\" notNull=\"false\">\n  <tipinfo/>\n</field><field code=\"money\" name=\"money\" editType=\"input\" showType=\"hidden\" isKey=\"false\" isName=\"false\" notNull=\"false\">\n  <tipinfo/>\n</field><field code=\"cnt\" name=\"鎶曡祫绗旀暟\" editType=\"input\" showType=\"hidden\" isKey=\"false\" isName=\"false\" notNull=\"false\">\n  <tipinfo>鎶曡祫绗旀暟</tipinfo>\n</field></hid></dataset>','<dataset><edit/><rule><field code=\"id\" name=\"id\" editType=\"input\" isKey=\"true\" isName=\"false\" notNull=\"false\" defVal=\"incr\">\n  <tipinfo/>\n</field></rule><hid><field code=\"logdate\" name=\"logdate\" editType=\"input\" showType=\"hidden\" isKey=\"false\" isName=\"false\" notNull=\"false\">\n  <tipinfo/>\n</field><field code=\"money\" name=\"money\" editType=\"input\" showType=\"hidden\" isKey=\"false\" isName=\"false\" notNull=\"false\">\n  <tipinfo/>\n</field><field code=\"cnt\" name=\"鎶曡祫绗旀暟\" editType=\"input\" showType=\"hidden\" isKey=\"false\" isName=\"false\" notNull=\"false\">\n  <tipinfo>鎶曡祫绗旀暟</tipinfo>\n</field></hid></dataset>','<dataset><edit/><rule><field code=\"id\" name=\"id\" editType=\"input\" isKey=\"true\" isName=\"false\" notNull=\"false\" defVal=\"incr\">\n  <tipinfo/>\n</field></rule><hid><field code=\"logdate\" name=\"logdate\" editType=\"input\" showType=\"hidden\" isKey=\"false\" isName=\"false\" notNull=\"false\">\n  <tipinfo/>\n</field><field code=\"money\" name=\"money\" editType=\"input\" showType=\"hidden\" isKey=\"false\" isName=\"false\" notNull=\"false\">\n  <tipinfo/>\n</field><field code=\"cnt\" name=\"鎶曡祫绗旀暟\" editType=\"input\" showType=\"hidden\" isKey=\"false\" isName=\"false\" notNull=\"false\">\n  <tipinfo>鎶曡祫绗旀暟</tipinfo>\n</field></hid></dataset>','<dataset><edit/><rule><field code=\"id\" name=\"id\" editType=\"input\" isKey=\"true\" isName=\"false\" notNull=\"false\" defVal=\"incr\">\n  <tipinfo/>\n</field></rule><hid><field code=\"logdate\" name=\"logdate\" editType=\"input\" showType=\"hidden\" isKey=\"false\" isName=\"false\" notNull=\"false\">\n  <tipinfo/>\n</field><field code=\"money\" name=\"money\" editType=\"input\" showType=\"hidden\" isKey=\"false\" isName=\"false\" notNull=\"false\">\n  <tipinfo/>\n</field><field code=\"cnt\" name=\"鎶曡祫绗旀暟\" editType=\"input\" showType=\"hidden\" isKey=\"false\" isName=\"false\" notNull=\"false\">\n  <tipinfo>鎶曡祫绗旀暟</tipinfo>\n</field></hid></dataset>',1,NULL,NULL,NULL,NULL,1,NULL);
insert  into `cfg_dataset`(`id`,`table_name`,`q_list_xml`,`q_cond_xml`,`e_create_xml`,`e_update_xml`,`status`,`creator_id`,`create_time`,`modifier_id`,`modify_time`,`db_id`,`table_desc`) values (43,'invest_decrease_user','<dataset><edit/><rule/><hid><field code=\"user_id\" name=\"用户ID\" editType=\"input\" showType=\"hidden\" isKey=\"false\" isName=\"false\" notNull=\"false\">\n  <tipinfo>用户ID</tipinfo>\n</field><field code=\"begin_invest_amount\" name=\"起投金额\" editType=\"input\" showType=\"hidden\" isKey=\"false\" isName=\"false\" notNull=\"false\">\n  <tipinfo>起投金额</tipinfo>\n</field><field code=\"begin_invest_period\" name=\"起投期限\" editType=\"input\" showType=\"hidden\" isKey=\"false\" isName=\"false\" notNull=\"false\">\n  <tipinfo>起投期限</tipinfo>\n</field><field code=\"cast_rate\" name=\"适用成本率\" editType=\"input\" showType=\"hidden\" isKey=\"false\" isName=\"false\" notNull=\"false\">\n  <tipinfo>适用成本率</tipinfo>\n</field><field code=\"coupon_begin_period\" name=\"coupon_begin_period\" editType=\"input\" showType=\"hidden\" isKey=\"false\" isName=\"false\" notNull=\"false\">\n  <tipinfo/>\n</field><field code=\"coupon_begin_amount\" name=\"coupon_begin_amount\" editType=\"input\" showType=\"hidden\" isKey=\"false\" isName=\"false\" notNull=\"false\">\n  <tipinfo/>\n</field><field code=\"coupon_cast_rate\" name=\"coupon_cast_rate\" editType=\"input\" showType=\"hidden\" isKey=\"false\" isName=\"false\" notNull=\"false\">\n  <tipinfo/>\n</field></hid></dataset>','<dataset><edit/><rule/><hid><field code=\"user_id\" name=\"用户ID\" editType=\"input\" showType=\"hidden\" isKey=\"false\" isName=\"false\" notNull=\"false\">\n  <tipinfo>用户ID</tipinfo>\n</field><field code=\"begin_invest_amount\" name=\"起投金额\" editType=\"input\" showType=\"hidden\" isKey=\"false\" isName=\"false\" notNull=\"false\">\n  <tipinfo>起投金额</tipinfo>\n</field><field code=\"begin_invest_period\" name=\"起投期限\" editType=\"input\" showType=\"hidden\" isKey=\"false\" isName=\"false\" notNull=\"false\">\n  <tipinfo>起投期限</tipinfo>\n</field><field code=\"cast_rate\" name=\"适用成本率\" editType=\"input\" showType=\"hidden\" isKey=\"false\" isName=\"false\" notNull=\"false\">\n  <tipinfo>适用成本率</tipinfo>\n</field><field code=\"coupon_begin_period\" name=\"coupon_begin_period\" editType=\"input\" showType=\"hidden\" isKey=\"false\" isName=\"false\" notNull=\"false\">\n  <tipinfo/>\n</field><field code=\"coupon_begin_amount\" name=\"coupon_begin_amount\" editType=\"input\" showType=\"hidden\" isKey=\"false\" isName=\"false\" notNull=\"false\">\n  <tipinfo/>\n</field><field code=\"coupon_cast_rate\" name=\"coupon_cast_rate\" editType=\"input\" showType=\"hidden\" isKey=\"false\" isName=\"false\" notNull=\"false\">\n  <tipinfo/>\n</field></hid></dataset>','<dataset><edit/><rule/><hid><field code=\"user_id\" name=\"用户ID\" editType=\"input\" showType=\"hidden\" isKey=\"false\" isName=\"false\" notNull=\"false\">\n  <tipinfo>用户ID</tipinfo>\n</field><field code=\"begin_invest_amount\" name=\"起投金额\" editType=\"input\" showType=\"hidden\" isKey=\"false\" isName=\"false\" notNull=\"false\">\n  <tipinfo>起投金额</tipinfo>\n</field><field code=\"begin_invest_period\" name=\"起投期限\" editType=\"input\" showType=\"hidden\" isKey=\"false\" isName=\"false\" notNull=\"false\">\n  <tipinfo>起投期限</tipinfo>\n</field><field code=\"cast_rate\" name=\"适用成本率\" editType=\"input\" showType=\"hidden\" isKey=\"false\" isName=\"false\" notNull=\"false\">\n  <tipinfo>适用成本率</tipinfo>\n</field><field code=\"coupon_begin_period\" name=\"coupon_begin_period\" editType=\"input\" showType=\"hidden\" isKey=\"false\" isName=\"false\" notNull=\"false\">\n  <tipinfo/>\n</field><field code=\"coupon_begin_amount\" name=\"coupon_begin_amount\" editType=\"input\" showType=\"hidden\" isKey=\"false\" isName=\"false\" notNull=\"false\">\n  <tipinfo/>\n</field><field code=\"coupon_cast_rate\" name=\"coupon_cast_rate\" editType=\"input\" showType=\"hidden\" isKey=\"false\" isName=\"false\" notNull=\"false\">\n  <tipinfo/>\n</field></hid></dataset>','<dataset><edit/><rule/><hid><field code=\"user_id\" name=\"用户ID\" editType=\"input\" showType=\"hidden\" isKey=\"false\" isName=\"false\" notNull=\"false\">\n  <tipinfo>用户ID</tipinfo>\n</field><field code=\"begin_invest_amount\" name=\"起投金额\" editType=\"input\" showType=\"hidden\" isKey=\"false\" isName=\"false\" notNull=\"false\">\n  <tipinfo>起投金额</tipinfo>\n</field><field code=\"begin_invest_period\" name=\"起投期限\" editType=\"input\" showType=\"hidden\" isKey=\"false\" isName=\"false\" notNull=\"false\">\n  <tipinfo>起投期限</tipinfo>\n</field><field code=\"cast_rate\" name=\"适用成本率\" editType=\"input\" showType=\"hidden\" isKey=\"false\" isName=\"false\" notNull=\"false\">\n  <tipinfo>适用成本率</tipinfo>\n</field><field code=\"coupon_begin_period\" name=\"coupon_begin_period\" editType=\"input\" showType=\"hidden\" isKey=\"false\" isName=\"false\" notNull=\"false\">\n  <tipinfo/>\n</field><field code=\"coupon_begin_amount\" name=\"coupon_begin_amount\" editType=\"input\" showType=\"hidden\" isKey=\"false\" isName=\"false\" notNull=\"false\">\n  <tipinfo/>\n</field><field code=\"coupon_cast_rate\" name=\"coupon_cast_rate\" editType=\"input\" showType=\"hidden\" isKey=\"false\" isName=\"false\" notNull=\"false\">\n  <tipinfo/>\n</field></hid></dataset>',1,NULL,NULL,NULL,NULL,1,NULL);
insert  into `cfg_dataset`(`id`,`table_name`,`q_list_xml`,`q_cond_xml`,`e_create_xml`,`e_update_xml`,`status`,`creator_id`,`create_time`,`modifier_id`,`modify_time`,`db_id`,`table_desc`) values (44,'period_money_out_v2_lark_data','<dataset><edit/><rule/><hid><field code=\"logdate\" name=\"logdate\" editType=\"input\" showType=\"hidden\" isKey=\"false\" isName=\"false\" notNull=\"false\">\n  <tipinfo/>\n</field><field code=\"user_id\" name=\"user_id\" editType=\"input\" showType=\"hidden\" isKey=\"false\" isName=\"false\" notNull=\"false\">\n  <tipinfo/>\n</field><field code=\"period\" name=\"period\" editType=\"input\" showType=\"hidden\" isKey=\"false\" isName=\"false\" notNull=\"false\">\n  <tipinfo/>\n</field><field code=\"money\" name=\"money\" editType=\"input\" showType=\"hidden\" isKey=\"false\" isName=\"false\" notNull=\"false\">\n  <tipinfo/>\n</field><field code=\"money_balance\" name=\"money_balance\" editType=\"input\" showType=\"hidden\" isKey=\"false\" isName=\"false\" notNull=\"false\">\n  <tipinfo/>\n</field><field code=\"money_first\" name=\"money_first\" editType=\"input\" showType=\"hidden\" isKey=\"false\" isName=\"false\" notNull=\"false\">\n  <tipinfo/>\n</field><field code=\"money_high_amount\" name=\"money_high_amount\" editType=\"input\" showType=\"hidden\" isKey=\"false\" isName=\"false\" notNull=\"false\">\n  <tipinfo/>\n</field><field code=\"money_low_amount\" name=\"money_low_amount\" editType=\"input\" showType=\"hidden\" isKey=\"false\" isName=\"false\" notNull=\"false\">\n  <tipinfo/>\n</field><field code=\"period_high_amount\" name=\"period_high_amount\" editType=\"input\" showType=\"hidden\" isKey=\"false\" isName=\"false\" notNull=\"false\">\n  <tipinfo/>\n</field><field code=\"period_low_amount\" name=\"period_low_amount\" editType=\"input\" showType=\"hidden\" isKey=\"false\" isName=\"false\" notNull=\"false\">\n  <tipinfo/>\n</field><field code=\"money_long_period\" name=\"money_long_period\" editType=\"input\" showType=\"hidden\" isKey=\"false\" isName=\"false\" notNull=\"false\">\n  <tipinfo/>\n</field><field code=\"money_short_period\" name=\"money_short_period\" editType=\"input\" showType=\"hidden\" isKey=\"false\" isName=\"false\" notNull=\"false\">\n  <tipinfo/>\n</field><field code=\"period_long_period\" name=\"period_long_period\" editType=\"input\" showType=\"hidden\" isKey=\"false\" isName=\"false\" notNull=\"false\">\n  <tipinfo/>\n</field><field code=\"period_short_period\" name=\"period_short_period\" editType=\"input\" showType=\"hidden\" isKey=\"false\" isName=\"false\" notNull=\"false\">\n  <tipinfo/>\n</field><field code=\"money_money_balance\" name=\"money_money_balance\" editType=\"input\" showType=\"hidden\" isKey=\"false\" isName=\"false\" notNull=\"false\">\n  <tipinfo/>\n</field><field code=\"avg_his_money\" name=\"avg_his_money\" editType=\"input\" showType=\"hidden\" isKey=\"false\" isName=\"false\" notNull=\"false\">\n  <tipinfo/>\n</field><field code=\"avg_his_period\" name=\"avg_his_period\" editType=\"input\" showType=\"hidden\" isKey=\"false\" isName=\"false\" notNull=\"false\">\n  <tipinfo/>\n</field><field code=\"period_out\" name=\"period_out\" editType=\"input\" showType=\"hidden\" isKey=\"false\" isName=\"false\" notNull=\"false\">\n  <tipinfo/>\n</field><field code=\"money_out\" name=\"money_out\" editType=\"input\" showType=\"hidden\" isKey=\"false\" isName=\"false\" notNull=\"false\">\n  <tipinfo/>\n</field><field code=\"money_first_out\" name=\"money_first_out\" editType=\"input\" showType=\"hidden\" isKey=\"false\" isName=\"false\" notNull=\"false\">\n  <tipinfo/>\n</field><field code=\"money_high_amount_out\" name=\"money_high_amount_out\" editType=\"input\" showType=\"hidden\" isKey=\"false\" isName=\"false\" notNull=\"false\">\n  <tipinfo/>\n</field><field code=\"money_low_amount_out\" name=\"money_low_amount_out\" editType=\"input\" showType=\"hidden\" isKey=\"false\" isName=\"false\" notNull=\"false\">\n  <tipinfo/>\n</field><field code=\"period_high_amount_out\" name=\"period_high_amount_out\" editType=\"input\" showType=\"hidden\" isKey=\"false\" isName=\"false\" notNull=\"false\">\n  <tipinfo/>\n</field><field code=\"period_low_amount_out\" name=\"period_low_amount_out\" editType=\"input\" showType=\"hidden\" isKey=\"false\" isName=\"false\" notNull=\"false\">\n  <tipinfo/>\n</field><field code=\"money_long_period_out\" name=\"money_long_period_out\" editType=\"input\" showType=\"hidden\" isKey=\"false\" isName=\"false\" notNull=\"false\">\n  <tipinfo/>\n</field><field code=\"money_short_period_out\" name=\"money_short_period_out\" editType=\"input\" showType=\"hidden\" isKey=\"false\" isName=\"false\" notNull=\"false\">\n  <tipinfo/>\n</field><field code=\"period_long_period_out\" name=\"period_long_period_out\" editType=\"input\" showType=\"hidden\" isKey=\"false\" isName=\"false\" notNull=\"false\">\n  <tipinfo/>\n</field><field code=\"period_short_period_out\" name=\"period_short_period_out\" editType=\"input\" showType=\"hidden\" isKey=\"false\" isName=\"false\" notNull=\"false\">\n  <tipinfo/>\n</field><field code=\"money_money_balance_out\" name=\"money_money_balance_out\" editType=\"input\" showType=\"hidden\" isKey=\"false\" isName=\"false\" notNull=\"false\">\n  <tipinfo/>\n</field><field code=\"createtime\" name=\"createtime\" editType=\"datetime\" showType=\"hidden\" isKey=\"false\" isName=\"false\" notNull=\"false\">\n  <tipinfo/>\n</field><field code=\"updatetime\" name=\"updatetime\" editType=\"datetime\" showType=\"hidden\" isKey=\"false\" isName=\"false\" notNull=\"false\">\n  <tipinfo/>\n</field></hid></dataset>','<dataset><edit/><rule/><hid><field code=\"logdate\" name=\"logdate\" editType=\"input\" showType=\"hidden\" isKey=\"false\" isName=\"false\" notNull=\"false\">\n  <tipinfo/>\n</field><field code=\"user_id\" name=\"user_id\" editType=\"input\" showType=\"hidden\" isKey=\"false\" isName=\"false\" notNull=\"false\">\n  <tipinfo/>\n</field><field code=\"period\" name=\"period\" editType=\"input\" showType=\"hidden\" isKey=\"false\" isName=\"false\" notNull=\"false\">\n  <tipinfo/>\n</field><field code=\"money\" name=\"money\" editType=\"input\" showType=\"hidden\" isKey=\"false\" isName=\"false\" notNull=\"false\">\n  <tipinfo/>\n</field><field code=\"money_balance\" name=\"money_balance\" editType=\"input\" showType=\"hidden\" isKey=\"false\" isName=\"false\" notNull=\"false\">\n  <tipinfo/>\n</field><field code=\"money_first\" name=\"money_first\" editType=\"input\" showType=\"hidden\" isKey=\"false\" isName=\"false\" notNull=\"false\">\n  <tipinfo/>\n</field><field code=\"money_high_amount\" name=\"money_high_amount\" editType=\"input\" showType=\"hidden\" isKey=\"false\" isName=\"false\" notNull=\"false\">\n  <tipinfo/>\n</field><field code=\"money_low_amount\" name=\"money_low_amount\" editType=\"input\" showType=\"hidden\" isKey=\"false\" isName=\"false\" notNull=\"false\">\n  <tipinfo/>\n</field><field code=\"period_high_amount\" name=\"period_high_amount\" editType=\"input\" showType=\"hidden\" isKey=\"false\" isName=\"false\" notNull=\"false\">\n  <tipinfo/>\n</field><field code=\"period_low_amount\" name=\"period_low_amount\" editType=\"input\" showType=\"hidden\" isKey=\"false\" isName=\"false\" notNull=\"false\">\n  <tipinfo/>\n</field><field code=\"money_long_period\" name=\"money_long_period\" editType=\"input\" showType=\"hidden\" isKey=\"false\" isName=\"false\" notNull=\"false\">\n  <tipinfo/>\n</field><field code=\"money_short_period\" name=\"money_short_period\" editType=\"input\" showType=\"hidden\" isKey=\"false\" isName=\"false\" notNull=\"false\">\n  <tipinfo/>\n</field><field code=\"period_long_period\" name=\"period_long_period\" editType=\"input\" showType=\"hidden\" isKey=\"false\" isName=\"false\" notNull=\"false\">\n  <tipinfo/>\n</field><field code=\"period_short_period\" name=\"period_short_period\" editType=\"input\" showType=\"hidden\" isKey=\"false\" isName=\"false\" notNull=\"false\">\n  <tipinfo/>\n</field><field code=\"money_money_balance\" name=\"money_money_balance\" editType=\"input\" showType=\"hidden\" isKey=\"false\" isName=\"false\" notNull=\"false\">\n  <tipinfo/>\n</field><field code=\"avg_his_money\" name=\"avg_his_money\" editType=\"input\" showType=\"hidden\" isKey=\"false\" isName=\"false\" notNull=\"false\">\n  <tipinfo/>\n</field><field code=\"avg_his_period\" name=\"avg_his_period\" editType=\"input\" showType=\"hidden\" isKey=\"false\" isName=\"false\" notNull=\"false\">\n  <tipinfo/>\n</field><field code=\"period_out\" name=\"period_out\" editType=\"input\" showType=\"hidden\" isKey=\"false\" isName=\"false\" notNull=\"false\">\n  <tipinfo/>\n</field><field code=\"money_out\" name=\"money_out\" editType=\"input\" showType=\"hidden\" isKey=\"false\" isName=\"false\" notNull=\"false\">\n  <tipinfo/>\n</field><field code=\"money_first_out\" name=\"money_first_out\" editType=\"input\" showType=\"hidden\" isKey=\"false\" isName=\"false\" notNull=\"false\">\n  <tipinfo/>\n</field><field code=\"money_high_amount_out\" name=\"money_high_amount_out\" editType=\"input\" showType=\"hidden\" isKey=\"false\" isName=\"false\" notNull=\"false\">\n  <tipinfo/>\n</field><field code=\"money_low_amount_out\" name=\"money_low_amount_out\" editType=\"input\" showType=\"hidden\" isKey=\"false\" isName=\"false\" notNull=\"false\">\n  <tipinfo/>\n</field><field code=\"period_high_amount_out\" name=\"period_high_amount_out\" editType=\"input\" showType=\"hidden\" isKey=\"false\" isName=\"false\" notNull=\"false\">\n  <tipinfo/>\n</field><field code=\"period_low_amount_out\" name=\"period_low_amount_out\" editType=\"input\" showType=\"hidden\" isKey=\"false\" isName=\"false\" notNull=\"false\">\n  <tipinfo/>\n</field><field code=\"money_long_period_out\" name=\"money_long_period_out\" editType=\"input\" showType=\"hidden\" isKey=\"false\" isName=\"false\" notNull=\"false\">\n  <tipinfo/>\n</field><field code=\"money_short_period_out\" name=\"money_short_period_out\" editType=\"input\" showType=\"hidden\" isKey=\"false\" isName=\"false\" notNull=\"false\">\n  <tipinfo/>\n</field><field code=\"period_long_period_out\" name=\"period_long_period_out\" editType=\"input\" showType=\"hidden\" isKey=\"false\" isName=\"false\" notNull=\"false\">\n  <tipinfo/>\n</field><field code=\"period_short_period_out\" name=\"period_short_period_out\" editType=\"input\" showType=\"hidden\" isKey=\"false\" isName=\"false\" notNull=\"false\">\n  <tipinfo/>\n</field><field code=\"money_money_balance_out\" name=\"money_money_balance_out\" editType=\"input\" showType=\"hidden\" isKey=\"false\" isName=\"false\" notNull=\"false\">\n  <tipinfo/>\n</field><field code=\"createtime\" name=\"createtime\" editType=\"datetime\" showType=\"hidden\" isKey=\"false\" isName=\"false\" notNull=\"false\">\n  <tipinfo/>\n</field><field code=\"updatetime\" name=\"updatetime\" editType=\"datetime\" showType=\"hidden\" isKey=\"false\" isName=\"false\" notNull=\"false\">\n  <tipinfo/>\n</field></hid></dataset>','<dataset><edit/><rule/><hid><field code=\"logdate\" name=\"logdate\" editType=\"input\" showType=\"hidden\" isKey=\"false\" isName=\"false\" notNull=\"false\">\n  <tipinfo/>\n</field><field code=\"user_id\" name=\"user_id\" editType=\"input\" showType=\"hidden\" isKey=\"false\" isName=\"false\" notNull=\"false\">\n  <tipinfo/>\n</field><field code=\"period\" name=\"period\" editType=\"input\" showType=\"hidden\" isKey=\"false\" isName=\"false\" notNull=\"false\">\n  <tipinfo/>\n</field><field code=\"money\" name=\"money\" editType=\"input\" showType=\"hidden\" isKey=\"false\" isName=\"false\" notNull=\"false\">\n  <tipinfo/>\n</field><field code=\"money_balance\" name=\"money_balance\" editType=\"input\" showType=\"hidden\" isKey=\"false\" isName=\"false\" notNull=\"false\">\n  <tipinfo/>\n</field><field code=\"money_first\" name=\"money_first\" editType=\"input\" showType=\"hidden\" isKey=\"false\" isName=\"false\" notNull=\"false\">\n  <tipinfo/>\n</field><field code=\"money_high_amount\" name=\"money_high_amount\" editType=\"input\" showType=\"hidden\" isKey=\"false\" isName=\"false\" notNull=\"false\">\n  <tipinfo/>\n</field><field code=\"money_low_amount\" name=\"money_low_amount\" editType=\"input\" showType=\"hidden\" isKey=\"false\" isName=\"false\" notNull=\"false\">\n  <tipinfo/>\n</field><field code=\"period_high_amount\" name=\"period_high_amount\" editType=\"input\" showType=\"hidden\" isKey=\"false\" isName=\"false\" notNull=\"false\">\n  <tipinfo/>\n</field><field code=\"period_low_amount\" name=\"period_low_amount\" editType=\"input\" showType=\"hidden\" isKey=\"false\" isName=\"false\" notNull=\"false\">\n  <tipinfo/>\n</field><field code=\"money_long_period\" name=\"money_long_period\" editType=\"input\" showType=\"hidden\" isKey=\"false\" isName=\"false\" notNull=\"false\">\n  <tipinfo/>\n</field><field code=\"money_short_period\" name=\"money_short_period\" editType=\"input\" showType=\"hidden\" isKey=\"false\" isName=\"false\" notNull=\"false\">\n  <tipinfo/>\n</field><field code=\"period_long_period\" name=\"period_long_period\" editType=\"input\" showType=\"hidden\" isKey=\"false\" isName=\"false\" notNull=\"false\">\n  <tipinfo/>\n</field><field code=\"period_short_period\" name=\"period_short_period\" editType=\"input\" showType=\"hidden\" isKey=\"false\" isName=\"false\" notNull=\"false\">\n  <tipinfo/>\n</field><field code=\"money_money_balance\" name=\"money_money_balance\" editType=\"input\" showType=\"hidden\" isKey=\"false\" isName=\"false\" notNull=\"false\">\n  <tipinfo/>\n</field><field code=\"avg_his_money\" name=\"avg_his_money\" editType=\"input\" showType=\"hidden\" isKey=\"false\" isName=\"false\" notNull=\"false\">\n  <tipinfo/>\n</field><field code=\"avg_his_period\" name=\"avg_his_period\" editType=\"input\" showType=\"hidden\" isKey=\"false\" isName=\"false\" notNull=\"false\">\n  <tipinfo/>\n</field><field code=\"period_out\" name=\"period_out\" editType=\"input\" showType=\"hidden\" isKey=\"false\" isName=\"false\" notNull=\"false\">\n  <tipinfo/>\n</field><field code=\"money_out\" name=\"money_out\" editType=\"input\" showType=\"hidden\" isKey=\"false\" isName=\"false\" notNull=\"false\">\n  <tipinfo/>\n</field><field code=\"money_first_out\" name=\"money_first_out\" editType=\"input\" showType=\"hidden\" isKey=\"false\" isName=\"false\" notNull=\"false\">\n  <tipinfo/>\n</field><field code=\"money_high_amount_out\" name=\"money_high_amount_out\" editType=\"input\" showType=\"hidden\" isKey=\"false\" isName=\"false\" notNull=\"false\">\n  <tipinfo/>\n</field><field code=\"money_low_amount_out\" name=\"money_low_amount_out\" editType=\"input\" showType=\"hidden\" isKey=\"false\" isName=\"false\" notNull=\"false\">\n  <tipinfo/>\n</field><field code=\"period_high_amount_out\" name=\"period_high_amount_out\" editType=\"input\" showType=\"hidden\" isKey=\"false\" isName=\"false\" notNull=\"false\">\n  <tipinfo/>\n</field><field code=\"period_low_amount_out\" name=\"period_low_amount_out\" editType=\"input\" showType=\"hidden\" isKey=\"false\" isName=\"false\" notNull=\"false\">\n  <tipinfo/>\n</field><field code=\"money_long_period_out\" name=\"money_long_period_out\" editType=\"input\" showType=\"hidden\" isKey=\"false\" isName=\"false\" notNull=\"false\">\n  <tipinfo/>\n</field><field code=\"money_short_period_out\" name=\"money_short_period_out\" editType=\"input\" showType=\"hidden\" isKey=\"false\" isName=\"false\" notNull=\"false\">\n  <tipinfo/>\n</field><field code=\"period_long_period_out\" name=\"period_long_period_out\" editType=\"input\" showType=\"hidden\" isKey=\"false\" isName=\"false\" notNull=\"false\">\n  <tipinfo/>\n</field><field code=\"period_short_period_out\" name=\"period_short_period_out\" editType=\"input\" showType=\"hidden\" isKey=\"false\" isName=\"false\" notNull=\"false\">\n  <tipinfo/>\n</field><field code=\"money_money_balance_out\" name=\"money_money_balance_out\" editType=\"input\" showType=\"hidden\" isKey=\"false\" isName=\"false\" notNull=\"false\">\n  <tipinfo/>\n</field><field code=\"createtime\" name=\"createtime\" editType=\"datetime\" showType=\"hidden\" isKey=\"false\" isName=\"false\" notNull=\"false\">\n  <tipinfo/>\n</field><field code=\"updatetime\" name=\"updatetime\" editType=\"datetime\" showType=\"hidden\" isKey=\"false\" isName=\"false\" notNull=\"false\">\n  <tipinfo/>\n</field></hid></dataset>','<dataset><edit/><rule/><hid><field code=\"logdate\" name=\"logdate\" editType=\"input\" showType=\"hidden\" isKey=\"false\" isName=\"false\" notNull=\"false\">\n  <tipinfo/>\n</field><field code=\"user_id\" name=\"user_id\" editType=\"input\" showType=\"hidden\" isKey=\"false\" isName=\"false\" notNull=\"false\">\n  <tipinfo/>\n</field><field code=\"period\" name=\"period\" editType=\"input\" showType=\"hidden\" isKey=\"false\" isName=\"false\" notNull=\"false\">\n  <tipinfo/>\n</field><field code=\"money\" name=\"money\" editType=\"input\" showType=\"hidden\" isKey=\"false\" isName=\"false\" notNull=\"false\">\n  <tipinfo/>\n</field><field code=\"money_balance\" name=\"money_balance\" editType=\"input\" showType=\"hidden\" isKey=\"false\" isName=\"false\" notNull=\"false\">\n  <tipinfo/>\n</field><field code=\"money_first\" name=\"money_first\" editType=\"input\" showType=\"hidden\" isKey=\"false\" isName=\"false\" notNull=\"false\">\n  <tipinfo/>\n</field><field code=\"money_high_amount\" name=\"money_high_amount\" editType=\"input\" showType=\"hidden\" isKey=\"false\" isName=\"false\" notNull=\"false\">\n  <tipinfo/>\n</field><field code=\"money_low_amount\" name=\"money_low_amount\" editType=\"input\" showType=\"hidden\" isKey=\"false\" isName=\"false\" notNull=\"false\">\n  <tipinfo/>\n</field><field code=\"period_high_amount\" name=\"period_high_amount\" editType=\"input\" showType=\"hidden\" isKey=\"false\" isName=\"false\" notNull=\"false\">\n  <tipinfo/>\n</field><field code=\"period_low_amount\" name=\"period_low_amount\" editType=\"input\" showType=\"hidden\" isKey=\"false\" isName=\"false\" notNull=\"false\">\n  <tipinfo/>\n</field><field code=\"money_long_period\" name=\"money_long_period\" editType=\"input\" showType=\"hidden\" isKey=\"false\" isName=\"false\" notNull=\"false\">\n  <tipinfo/>\n</field><field code=\"money_short_period\" name=\"money_short_period\" editType=\"input\" showType=\"hidden\" isKey=\"false\" isName=\"false\" notNull=\"false\">\n  <tipinfo/>\n</field><field code=\"period_long_period\" name=\"period_long_period\" editType=\"input\" showType=\"hidden\" isKey=\"false\" isName=\"false\" notNull=\"false\">\n  <tipinfo/>\n</field><field code=\"period_short_period\" name=\"period_short_period\" editType=\"input\" showType=\"hidden\" isKey=\"false\" isName=\"false\" notNull=\"false\">\n  <tipinfo/>\n</field><field code=\"money_money_balance\" name=\"money_money_balance\" editType=\"input\" showType=\"hidden\" isKey=\"false\" isName=\"false\" notNull=\"false\">\n  <tipinfo/>\n</field><field code=\"avg_his_money\" name=\"avg_his_money\" editType=\"input\" showType=\"hidden\" isKey=\"false\" isName=\"false\" notNull=\"false\">\n  <tipinfo/>\n</field><field code=\"avg_his_period\" name=\"avg_his_period\" editType=\"input\" showType=\"hidden\" isKey=\"false\" isName=\"false\" notNull=\"false\">\n  <tipinfo/>\n</field><field code=\"period_out\" name=\"period_out\" editType=\"input\" showType=\"hidden\" isKey=\"false\" isName=\"false\" notNull=\"false\">\n  <tipinfo/>\n</field><field code=\"money_out\" name=\"money_out\" editType=\"input\" showType=\"hidden\" isKey=\"false\" isName=\"false\" notNull=\"false\">\n  <tipinfo/>\n</field><field code=\"money_first_out\" name=\"money_first_out\" editType=\"input\" showType=\"hidden\" isKey=\"false\" isName=\"false\" notNull=\"false\">\n  <tipinfo/>\n</field><field code=\"money_high_amount_out\" name=\"money_high_amount_out\" editType=\"input\" showType=\"hidden\" isKey=\"false\" isName=\"false\" notNull=\"false\">\n  <tipinfo/>\n</field><field code=\"money_low_amount_out\" name=\"money_low_amount_out\" editType=\"input\" showType=\"hidden\" isKey=\"false\" isName=\"false\" notNull=\"false\">\n  <tipinfo/>\n</field><field code=\"period_high_amount_out\" name=\"period_high_amount_out\" editType=\"input\" showType=\"hidden\" isKey=\"false\" isName=\"false\" notNull=\"false\">\n  <tipinfo/>\n</field><field code=\"period_low_amount_out\" name=\"period_low_amount_out\" editType=\"input\" showType=\"hidden\" isKey=\"false\" isName=\"false\" notNull=\"false\">\n  <tipinfo/>\n</field><field code=\"money_long_period_out\" name=\"money_long_period_out\" editType=\"input\" showType=\"hidden\" isKey=\"false\" isName=\"false\" notNull=\"false\">\n  <tipinfo/>\n</field><field code=\"money_short_period_out\" name=\"money_short_period_out\" editType=\"input\" showType=\"hidden\" isKey=\"false\" isName=\"false\" notNull=\"false\">\n  <tipinfo/>\n</field><field code=\"period_long_period_out\" name=\"period_long_period_out\" editType=\"input\" showType=\"hidden\" isKey=\"false\" isName=\"false\" notNull=\"false\">\n  <tipinfo/>\n</field><field code=\"period_short_period_out\" name=\"period_short_period_out\" editType=\"input\" showType=\"hidden\" isKey=\"false\" isName=\"false\" notNull=\"false\">\n  <tipinfo/>\n</field><field code=\"money_money_balance_out\" name=\"money_money_balance_out\" editType=\"input\" showType=\"hidden\" isKey=\"false\" isName=\"false\" notNull=\"false\">\n  <tipinfo/>\n</field><field code=\"createtime\" name=\"createtime\" editType=\"datetime\" showType=\"hidden\" isKey=\"false\" isName=\"false\" notNull=\"false\">\n  <tipinfo/>\n</field><field code=\"updatetime\" name=\"updatetime\" editType=\"datetime\" showType=\"hidden\" isKey=\"false\" isName=\"false\" notNull=\"false\">\n  <tipinfo/>\n</field></hid></dataset>',1,NULL,NULL,NULL,NULL,1,NULL);

/*Data for the table `cfg_db` */

insert  into `cfg_db`(`id`,`type`,`host`,`port`,`database`,`username`,`password`,`status`,`creator_id`,`create_time`,`modifier_id`,`modify_time`) values (1,1,'127.0.0.1',3306,'lark_data','sub','sub',1,1,'2019-06-10 18:27:56',1,'2019-06-13 20:23:52');

/*Data for the table `cfg_relat` */

/*Data for the table `dictionary` */

insert  into `dictionary`(`dictionary_id`,`dictionary_name`,`dictionary_code`,`dictionary_desc`,`ext1`,`ext2`,`op_id`,`create_time`,`modify_op_id`,`modify_time`,`del_flag`) values (1,'布尔','DEFAULT.BOOLEAN',NULL,NULL,NULL,NULL,NULL,NULL,NULL,NULL);
insert  into `dictionary`(`dictionary_id`,`dictionary_name`,`dictionary_code`,`dictionary_desc`,`ext1`,`ext2`,`op_id`,`create_time`,`modify_op_id`,`modify_time`,`del_flag`) values (2,'缺省枚举','DEFAULT.HOLDER',NULL,NULL,NULL,NULL,NULL,NULL,NULL,0);
insert  into `dictionary`(`dictionary_id`,`dictionary_name`,`dictionary_code`,`dictionary_desc`,`ext1`,`ext2`,`op_id`,`create_time`,`modify_op_id`,`modify_time`,`del_flag`) values (3,'性别','DEFAULT.GENDER',NULL,NULL,NULL,NULL,NULL,NULL,NULL,0);
insert  into `dictionary`(`dictionary_id`,`dictionary_name`,`dictionary_code`,`dictionary_desc`,`ext1`,`ext2`,`op_id`,`create_time`,`modify_op_id`,`modify_time`,`del_flag`) values (74,'有.无','DEFAULT.BOOLEAN-EXISTS',NULL,NULL,NULL,NULL,NULL,NULL,NULL,0);
insert  into `dictionary`(`dictionary_id`,`dictionary_name`,`dictionary_code`,`dictionary_desc`,`ext1`,`ext2`,`op_id`,`create_time`,`modify_op_id`,`modify_time`,`del_flag`) values (77,'是.否','DEFAULT.BOOLEAN-YES-NO',NULL,NULL,NULL,NULL,NULL,NULL,NULL,0);
insert  into `dictionary`(`dictionary_id`,`dictionary_name`,`dictionary_code`,`dictionary_desc`,`ext1`,`ext2`,`op_id`,`create_time`,`modify_op_id`,`modify_time`,`del_flag`) values (78,'正常.停用','DEFAULT.BOOLEAN-NORMAL-DISABLE',NULL,NULL,NULL,NULL,NULL,NULL,NULL,0);
insert  into `dictionary`(`dictionary_id`,`dictionary_name`,`dictionary_code`,`dictionary_desc`,`ext1`,`ext2`,`op_id`,`create_time`,`modify_op_id`,`modify_time`,`del_flag`) values (79,'用户-性别','user.gender',NULL,NULL,NULL,NULL,NULL,NULL,NULL,NULL);
insert  into `dictionary`(`dictionary_id`,`dictionary_name`,`dictionary_code`,`dictionary_desc`,`ext1`,`ext2`,`op_id`,`create_time`,`modify_op_id`,`modify_time`,`del_flag`) values (80,'用户-状态','user.status',NULL,NULL,NULL,NULL,NULL,NULL,NULL,NULL);
insert  into `dictionary`(`dictionary_id`,`dictionary_name`,`dictionary_code`,`dictionary_desc`,`ext1`,`ext2`,`op_id`,`create_time`,`modify_op_id`,`modify_time`,`del_flag`) values (81,'组织-状态','organize.status',NULL,NULL,NULL,NULL,NULL,NULL,NULL,NULL);
insert  into `dictionary`(`dictionary_id`,`dictionary_name`,`dictionary_code`,`dictionary_desc`,`ext1`,`ext2`,`op_id`,`create_time`,`modify_op_id`,`modify_time`,`del_flag`) values (82,'组织-组织类型','organize.organize_type',NULL,NULL,NULL,NULL,NULL,NULL,NULL,NULL);
insert  into `dictionary`(`dictionary_id`,`dictionary_name`,`dictionary_code`,`dictionary_desc`,`ext1`,`ext2`,`op_id`,`create_time`,`modify_op_id`,`modify_time`,`del_flag`) values (83,'组织-组织级别','organize.organize_level',NULL,NULL,NULL,NULL,NULL,NULL,NULL,NULL);
insert  into `dictionary`(`dictionary_id`,`dictionary_name`,`dictionary_code`,`dictionary_desc`,`ext1`,`ext2`,`op_id`,`create_time`,`modify_op_id`,`modify_time`,`del_flag`) values (84,'角色-状态','role.status',NULL,NULL,NULL,NULL,NULL,NULL,NULL,NULL);
insert  into `dictionary`(`dictionary_id`,`dictionary_name`,`dictionary_code`,`dictionary_desc`,`ext1`,`ext2`,`op_id`,`create_time`,`modify_op_id`,`modify_time`,`del_flag`) values (85,'角色-角色类型','role.role_type',NULL,NULL,NULL,NULL,NULL,NULL,NULL,NULL);
insert  into `dictionary`(`dictionary_id`,`dictionary_name`,`dictionary_code`,`dictionary_desc`,`ext1`,`ext2`,`op_id`,`create_time`,`modify_op_id`,`modify_time`,`del_flag`) values (86,'菜单-菜单级别','menu.menu_level',NULL,NULL,NULL,NULL,NULL,NULL,NULL,NULL);
insert  into `dictionary`(`dictionary_id`,`dictionary_name`,`dictionary_code`,`dictionary_desc`,`ext1`,`ext2`,`op_id`,`create_time`,`modify_op_id`,`modify_time`,`del_flag`) values (87,'用户授权-状态','user_authorize.status',NULL,NULL,NULL,NULL,NULL,NULL,NULL,NULL);
insert  into `dictionary`(`dictionary_id`,`dictionary_name`,`dictionary_code`,`dictionary_desc`,`ext1`,`ext2`,`op_id`,`create_time`,`modify_op_id`,`modify_time`,`del_flag`) values (88,'角色授权-状态','role_authorize.status',NULL,NULL,NULL,NULL,NULL,NULL,NULL,NULL);
insert  into `dictionary`(`dictionary_id`,`dictionary_name`,`dictionary_code`,`dictionary_desc`,`ext1`,`ext2`,`op_id`,`create_time`,`modify_op_id`,`modify_time`,`del_flag`) values (169,'数据库-数据库类型','cfg_db.type','','','',NULL,NULL,1,'2019-06-10 18:27:41',NULL);
insert  into `dictionary`(`dictionary_id`,`dictionary_name`,`dictionary_code`,`dictionary_desc`,`ext1`,`ext2`,`op_id`,`create_time`,`modify_op_id`,`modify_time`,`del_flag`) values (170,'数据库-状态','cfg_db.status','','','',NULL,NULL,1,'2019-06-10 13:20:39',NULL);
insert  into `dictionary`(`dictionary_id`,`dictionary_name`,`dictionary_code`,`dictionary_desc`,`ext1`,`ext2`,`op_id`,`create_time`,`modify_op_id`,`modify_time`,`del_flag`) values (171,'数据关系-数据关系类型','cfg_ relat.type','','','',NULL,NULL,1,'2019-06-10 13:21:04',NULL);
insert  into `dictionary`(`dictionary_id`,`dictionary_name`,`dictionary_code`,`dictionary_desc`,`ext1`,`ext2`,`op_id`,`create_time`,`modify_op_id`,`modify_time`,`del_flag`) values (172,'数据关系-状态','cfg_ relat.status','','','',NULL,NULL,1,'2019-06-10 13:21:24',NULL);
insert  into `dictionary`(`dictionary_id`,`dictionary_name`,`dictionary_code`,`dictionary_desc`,`ext1`,`ext2`,`op_id`,`create_time`,`modify_op_id`,`modify_time`,`del_flag`) values (173,'数据集-状态','cfg_dataset.status','','','',NULL,NULL,1,'2019-06-10 19:06:50',NULL);

/*Data for the table `dictionary_item` */

insert  into `dictionary_item`(`dictionary_item_id`,`value`,`text`,`desc`,`is_default`,`pri`,`ext1`,`ext2`,`dictionary_id`,`dictionary_code`,`op_id`,`create_time`,`modify_op_id`,`modify_time`,`del_flag`) values (1,'0','否','',0,'2.99',NULL,NULL,1,NULL,NULL,NULL,NULL,NULL,0);
insert  into `dictionary_item`(`dictionary_item_id`,`value`,`text`,`desc`,`is_default`,`pri`,`ext1`,`ext2`,`dictionary_id`,`dictionary_code`,`op_id`,`create_time`,`modify_op_id`,`modify_time`,`del_flag`) values (2,'1','是','',1,'1.99',NULL,NULL,1,NULL,NULL,NULL,NULL,NULL,NULL);
insert  into `dictionary_item`(`dictionary_item_id`,`value`,`text`,`desc`,`is_default`,`pri`,`ext1`,`ext2`,`dictionary_id`,`dictionary_code`,`op_id`,`create_time`,`modify_op_id`,`modify_time`,`del_flag`) values (3,'1','男','',NULL,'1.00',NULL,NULL,3,NULL,NULL,NULL,NULL,NULL,0);
insert  into `dictionary_item`(`dictionary_item_id`,`value`,`text`,`desc`,`is_default`,`pri`,`ext1`,`ext2`,`dictionary_id`,`dictionary_code`,`op_id`,`create_time`,`modify_op_id`,`modify_time`,`del_flag`) values (4,'2','女','',NULL,'2.00',NULL,NULL,3,NULL,NULL,NULL,NULL,NULL,0);
insert  into `dictionary_item`(`dictionary_item_id`,`value`,`text`,`desc`,`is_default`,`pri`,`ext1`,`ext2`,`dictionary_id`,`dictionary_code`,`op_id`,`create_time`,`modify_op_id`,`modify_time`,`del_flag`) values (5,'3','未知','',NULL,'3.00',NULL,NULL,3,NULL,NULL,NULL,NULL,NULL,0);
insert  into `dictionary_item`(`dictionary_item_id`,`value`,`text`,`desc`,`is_default`,`pri`,`ext1`,`ext2`,`dictionary_id`,`dictionary_code`,`op_id`,`create_time`,`modify_op_id`,`modify_time`,`del_flag`) values (6,'1','有','',NULL,'1.00',NULL,NULL,74,NULL,NULL,NULL,NULL,NULL,0);
insert  into `dictionary_item`(`dictionary_item_id`,`value`,`text`,`desc`,`is_default`,`pri`,`ext1`,`ext2`,`dictionary_id`,`dictionary_code`,`op_id`,`create_time`,`modify_op_id`,`modify_time`,`del_flag`) values (7,'0','无','',NULL,'2.00',NULL,NULL,74,NULL,NULL,NULL,NULL,NULL,0);
insert  into `dictionary_item`(`dictionary_item_id`,`value`,`text`,`desc`,`is_default`,`pri`,`ext1`,`ext2`,`dictionary_id`,`dictionary_code`,`op_id`,`create_time`,`modify_op_id`,`modify_time`,`del_flag`) values (8,'0','否','',NULL,'1.00',NULL,NULL,77,NULL,NULL,NULL,NULL,NULL,0);
insert  into `dictionary_item`(`dictionary_item_id`,`value`,`text`,`desc`,`is_default`,`pri`,`ext1`,`ext2`,`dictionary_id`,`dictionary_code`,`op_id`,`create_time`,`modify_op_id`,`modify_time`,`del_flag`) values (9,'1','是','',NULL,'2.00',NULL,NULL,77,NULL,NULL,NULL,NULL,NULL,0);
insert  into `dictionary_item`(`dictionary_item_id`,`value`,`text`,`desc`,`is_default`,`pri`,`ext1`,`ext2`,`dictionary_id`,`dictionary_code`,`op_id`,`create_time`,`modify_op_id`,`modify_time`,`del_flag`) values (10,'0','停用','',NULL,'1.00',NULL,NULL,78,NULL,NULL,NULL,NULL,NULL,0);
insert  into `dictionary_item`(`dictionary_item_id`,`value`,`text`,`desc`,`is_default`,`pri`,`ext1`,`ext2`,`dictionary_id`,`dictionary_code`,`op_id`,`create_time`,`modify_op_id`,`modify_time`,`del_flag`) values (11,'1','正常','',NULL,'2.00',NULL,NULL,78,NULL,NULL,NULL,NULL,NULL,0);
insert  into `dictionary_item`(`dictionary_item_id`,`value`,`text`,`desc`,`is_default`,`pri`,`ext1`,`ext2`,`dictionary_id`,`dictionary_code`,`op_id`,`create_time`,`modify_op_id`,`modify_time`,`del_flag`) values (12,'1','男','',NULL,'1.00',NULL,NULL,79,NULL,NULL,NULL,NULL,NULL,0);
insert  into `dictionary_item`(`dictionary_item_id`,`value`,`text`,`desc`,`is_default`,`pri`,`ext1`,`ext2`,`dictionary_id`,`dictionary_code`,`op_id`,`create_time`,`modify_op_id`,`modify_time`,`del_flag`) values (13,'2','女','',NULL,'2.00',NULL,NULL,79,NULL,NULL,NULL,NULL,NULL,0);
insert  into `dictionary_item`(`dictionary_item_id`,`value`,`text`,`desc`,`is_default`,`pri`,`ext1`,`ext2`,`dictionary_id`,`dictionary_code`,`op_id`,`create_time`,`modify_op_id`,`modify_time`,`del_flag`) values (14,'1','启用','',NULL,'1.00',NULL,NULL,80,NULL,NULL,NULL,NULL,NULL,0);
insert  into `dictionary_item`(`dictionary_item_id`,`value`,`text`,`desc`,`is_default`,`pri`,`ext1`,`ext2`,`dictionary_id`,`dictionary_code`,`op_id`,`create_time`,`modify_op_id`,`modify_time`,`del_flag`) values (15,'0','停用','',NULL,'2.00',NULL,NULL,80,NULL,NULL,NULL,NULL,NULL,0);
insert  into `dictionary_item`(`dictionary_item_id`,`value`,`text`,`desc`,`is_default`,`pri`,`ext1`,`ext2`,`dictionary_id`,`dictionary_code`,`op_id`,`create_time`,`modify_op_id`,`modify_time`,`del_flag`) values (16,'1','启用','',NULL,'1.00',NULL,NULL,81,NULL,NULL,NULL,NULL,NULL,0);
insert  into `dictionary_item`(`dictionary_item_id`,`value`,`text`,`desc`,`is_default`,`pri`,`ext1`,`ext2`,`dictionary_id`,`dictionary_code`,`op_id`,`create_time`,`modify_op_id`,`modify_time`,`del_flag`) values (17,'0','停用','',NULL,'2.00',NULL,NULL,81,NULL,NULL,NULL,NULL,NULL,0);
insert  into `dictionary_item`(`dictionary_item_id`,`value`,`text`,`desc`,`is_default`,`pri`,`ext1`,`ext2`,`dictionary_id`,`dictionary_code`,`op_id`,`create_time`,`modify_op_id`,`modify_time`,`del_flag`) values (18,'1','实体组织','',NULL,'1.00',NULL,NULL,82,NULL,NULL,NULL,NULL,NULL,0);
insert  into `dictionary_item`(`dictionary_item_id`,`value`,`text`,`desc`,`is_default`,`pri`,`ext1`,`ext2`,`dictionary_id`,`dictionary_code`,`op_id`,`create_time`,`modify_op_id`,`modify_time`,`del_flag`) values (19,'2','虚拟组织','',NULL,'2.00',NULL,NULL,82,NULL,NULL,NULL,NULL,NULL,0);
insert  into `dictionary_item`(`dictionary_item_id`,`value`,`text`,`desc`,`is_default`,`pri`,`ext1`,`ext2`,`dictionary_id`,`dictionary_code`,`op_id`,`create_time`,`modify_op_id`,`modify_time`,`del_flag`) values (20,'1','集团','',NULL,'1.00',NULL,NULL,83,NULL,NULL,NULL,NULL,NULL,0);
insert  into `dictionary_item`(`dictionary_item_id`,`value`,`text`,`desc`,`is_default`,`pri`,`ext1`,`ext2`,`dictionary_id`,`dictionary_code`,`op_id`,`create_time`,`modify_op_id`,`modify_time`,`del_flag`) values (21,'2','分公司','',NULL,'2.00',NULL,NULL,83,NULL,NULL,NULL,NULL,NULL,0);
insert  into `dictionary_item`(`dictionary_item_id`,`value`,`text`,`desc`,`is_default`,`pri`,`ext1`,`ext2`,`dictionary_id`,`dictionary_code`,`op_id`,`create_time`,`modify_op_id`,`modify_time`,`del_flag`) values (22,'3','事业部','',NULL,'3.00',NULL,NULL,83,NULL,NULL,NULL,NULL,NULL,0);
insert  into `dictionary_item`(`dictionary_item_id`,`value`,`text`,`desc`,`is_default`,`pri`,`ext1`,`ext2`,`dictionary_id`,`dictionary_code`,`op_id`,`create_time`,`modify_op_id`,`modify_time`,`del_flag`) values (23,'4','部门','',NULL,'4.00',NULL,NULL,83,NULL,NULL,NULL,NULL,NULL,0);
insert  into `dictionary_item`(`dictionary_item_id`,`value`,`text`,`desc`,`is_default`,`pri`,`ext1`,`ext2`,`dictionary_id`,`dictionary_code`,`op_id`,`create_time`,`modify_op_id`,`modify_time`,`del_flag`) values (24,'5','小组','',NULL,'5.00',NULL,NULL,83,NULL,NULL,NULL,NULL,NULL,0);
insert  into `dictionary_item`(`dictionary_item_id`,`value`,`text`,`desc`,`is_default`,`pri`,`ext1`,`ext2`,`dictionary_id`,`dictionary_code`,`op_id`,`create_time`,`modify_op_id`,`modify_time`,`del_flag`) values (25,'1','启用','',NULL,'1.00',NULL,NULL,84,NULL,NULL,NULL,NULL,NULL,0);
insert  into `dictionary_item`(`dictionary_item_id`,`value`,`text`,`desc`,`is_default`,`pri`,`ext1`,`ext2`,`dictionary_id`,`dictionary_code`,`op_id`,`create_time`,`modify_op_id`,`modify_time`,`del_flag`) values (26,'0','停用','',NULL,'2.00',NULL,NULL,84,NULL,NULL,NULL,NULL,NULL,0);
insert  into `dictionary_item`(`dictionary_item_id`,`value`,`text`,`desc`,`is_default`,`pri`,`ext1`,`ext2`,`dictionary_id`,`dictionary_code`,`op_id`,`create_time`,`modify_op_id`,`modify_time`,`del_flag`) values (27,'1','操作角色','',NULL,'1.00',NULL,NULL,85,NULL,NULL,NULL,NULL,NULL,0);
insert  into `dictionary_item`(`dictionary_item_id`,`value`,`text`,`desc`,`is_default`,`pri`,`ext1`,`ext2`,`dictionary_id`,`dictionary_code`,`op_id`,`create_time`,`modify_op_id`,`modify_time`,`del_flag`) values (28,'2','查看角色','',NULL,'2.00',NULL,NULL,85,NULL,NULL,NULL,NULL,NULL,0);
insert  into `dictionary_item`(`dictionary_item_id`,`value`,`text`,`desc`,`is_default`,`pri`,`ext1`,`ext2`,`dictionary_id`,`dictionary_code`,`op_id`,`create_time`,`modify_op_id`,`modify_time`,`del_flag`) values (29,'3','管理角色','',NULL,'3.00',NULL,NULL,85,NULL,NULL,NULL,NULL,NULL,0);
insert  into `dictionary_item`(`dictionary_item_id`,`value`,`text`,`desc`,`is_default`,`pri`,`ext1`,`ext2`,`dictionary_id`,`dictionary_code`,`op_id`,`create_time`,`modify_op_id`,`modify_time`,`del_flag`) values (30,'1','一级','',NULL,'1.00',NULL,NULL,86,NULL,NULL,NULL,NULL,NULL,0);
insert  into `dictionary_item`(`dictionary_item_id`,`value`,`text`,`desc`,`is_default`,`pri`,`ext1`,`ext2`,`dictionary_id`,`dictionary_code`,`op_id`,`create_time`,`modify_op_id`,`modify_time`,`del_flag`) values (31,'2','二级','',NULL,'2.00',NULL,NULL,86,NULL,NULL,NULL,NULL,NULL,0);
insert  into `dictionary_item`(`dictionary_item_id`,`value`,`text`,`desc`,`is_default`,`pri`,`ext1`,`ext2`,`dictionary_id`,`dictionary_code`,`op_id`,`create_time`,`modify_op_id`,`modify_time`,`del_flag`) values (32,'3','三级','',NULL,'3.00',NULL,NULL,86,NULL,NULL,NULL,NULL,NULL,0);
insert  into `dictionary_item`(`dictionary_item_id`,`value`,`text`,`desc`,`is_default`,`pri`,`ext1`,`ext2`,`dictionary_id`,`dictionary_code`,`op_id`,`create_time`,`modify_op_id`,`modify_time`,`del_flag`) values (33,'1','启用','',NULL,'1.00',NULL,NULL,87,NULL,NULL,NULL,NULL,NULL,0);
insert  into `dictionary_item`(`dictionary_item_id`,`value`,`text`,`desc`,`is_default`,`pri`,`ext1`,`ext2`,`dictionary_id`,`dictionary_code`,`op_id`,`create_time`,`modify_op_id`,`modify_time`,`del_flag`) values (34,'0','停用','',NULL,'2.00',NULL,NULL,87,NULL,NULL,NULL,NULL,NULL,0);
insert  into `dictionary_item`(`dictionary_item_id`,`value`,`text`,`desc`,`is_default`,`pri`,`ext1`,`ext2`,`dictionary_id`,`dictionary_code`,`op_id`,`create_time`,`modify_op_id`,`modify_time`,`del_flag`) values (35,'1','启用','',NULL,'1.00',NULL,NULL,88,NULL,NULL,NULL,NULL,NULL,0);
insert  into `dictionary_item`(`dictionary_item_id`,`value`,`text`,`desc`,`is_default`,`pri`,`ext1`,`ext2`,`dictionary_id`,`dictionary_code`,`op_id`,`create_time`,`modify_op_id`,`modify_time`,`del_flag`) values (36,'0','停用','',NULL,'2.00',NULL,NULL,88,NULL,NULL,NULL,NULL,NULL,0);
insert  into `dictionary_item`(`dictionary_item_id`,`value`,`text`,`desc`,`is_default`,`pri`,`ext1`,`ext2`,`dictionary_id`,`dictionary_code`,`op_id`,`create_time`,`modify_op_id`,`modify_time`,`del_flag`) values (37,'1','MYSQL','',NULL,'1.00','','',169,'',1,'2019-06-10 13:20:18',1,'2019-06-10 18:27:41',0);
insert  into `dictionary_item`(`dictionary_item_id`,`value`,`text`,`desc`,`is_default`,`pri`,`ext1`,`ext2`,`dictionary_id`,`dictionary_code`,`op_id`,`create_time`,`modify_op_id`,`modify_time`,`del_flag`) values (38,'2','ORCLE','',NULL,'2.00','','',169,'',1,'2019-06-10 13:20:18',1,'2019-06-10 18:27:41',0);
insert  into `dictionary_item`(`dictionary_item_id`,`value`,`text`,`desc`,`is_default`,`pri`,`ext1`,`ext2`,`dictionary_id`,`dictionary_code`,`op_id`,`create_time`,`modify_op_id`,`modify_time`,`del_flag`) values (39,'0','无效','',NULL,'1.00','','',170,'',1,'2019-06-10 13:20:39',1,NULL,0);
insert  into `dictionary_item`(`dictionary_item_id`,`value`,`text`,`desc`,`is_default`,`pri`,`ext1`,`ext2`,`dictionary_id`,`dictionary_code`,`op_id`,`create_time`,`modify_op_id`,`modify_time`,`del_flag`) values (40,'1','有效','',NULL,'2.00','','',170,'',1,'2019-06-10 13:20:39',1,NULL,0);
insert  into `dictionary_item`(`dictionary_item_id`,`value`,`text`,`desc`,`is_default`,`pri`,`ext1`,`ext2`,`dictionary_id`,`dictionary_code`,`op_id`,`create_time`,`modify_op_id`,`modify_time`,`del_flag`) values (41,'1','单向','',NULL,'1.00','','',171,'',1,'2019-06-10 13:21:04',1,NULL,0);
insert  into `dictionary_item`(`dictionary_item_id`,`value`,`text`,`desc`,`is_default`,`pri`,`ext1`,`ext2`,`dictionary_id`,`dictionary_code`,`op_id`,`create_time`,`modify_op_id`,`modify_time`,`del_flag`) values (42,'2','双向','',NULL,'2.00','','',171,'',1,'2019-06-10 13:21:04',1,NULL,0);
insert  into `dictionary_item`(`dictionary_item_id`,`value`,`text`,`desc`,`is_default`,`pri`,`ext1`,`ext2`,`dictionary_id`,`dictionary_code`,`op_id`,`create_time`,`modify_op_id`,`modify_time`,`del_flag`) values (43,'0','无效','',NULL,'1.00','','',172,'',1,'2019-06-10 13:21:24',1,NULL,0);
insert  into `dictionary_item`(`dictionary_item_id`,`value`,`text`,`desc`,`is_default`,`pri`,`ext1`,`ext2`,`dictionary_id`,`dictionary_code`,`op_id`,`create_time`,`modify_op_id`,`modify_time`,`del_flag`) values (44,'1','有效','',NULL,'2.00','','',172,'',1,'2019-06-10 13:21:24',1,NULL,0);
insert  into `dictionary_item`(`dictionary_item_id`,`value`,`text`,`desc`,`is_default`,`pri`,`ext1`,`ext2`,`dictionary_id`,`dictionary_code`,`op_id`,`create_time`,`modify_op_id`,`modify_time`,`del_flag`) values (45,'0','无效','',NULL,'1.00','','',173,'',1,'2019-06-10 19:06:50',1,NULL,0);
insert  into `dictionary_item`(`dictionary_item_id`,`value`,`text`,`desc`,`is_default`,`pri`,`ext1`,`ext2`,`dictionary_id`,`dictionary_code`,`op_id`,`create_time`,`modify_op_id`,`modify_time`,`del_flag`) values (46,'1','有效','',NULL,'2.00','','',173,'',1,'2019-06-10 19:06:50',1,NULL,0);

/*Data for the table `menu` */

insert  into `menu`(`menu_id`,`menu_code`,`menu_name`,`menu_desc`,`menu_level`,`icon`,`url`,`parent_menu_id`,`pri`,`creator_id`,`create_time`,`modifier_id`,`modify_time`,`del_flag`) values (1,'dictionary_mgr','字典管理','字典管理',NULL,'','/sec/dictionary_mgr.html',-1,NULL,NULL,NULL,NULL,NULL,NULL);
insert  into `menu`(`menu_id`,`menu_code`,`menu_name`,`menu_desc`,`menu_level`,`icon`,`url`,`parent_menu_id`,`pri`,`creator_id`,`create_time`,`modifier_id`,`modify_time`,`del_flag`) values (2,'menu_mgr','菜单管理','菜单管理',NULL,'','/sec/menu_mgr.html',-1,NULL,NULL,NULL,NULL,NULL,NULL);
insert  into `menu`(`menu_id`,`menu_code`,`menu_name`,`menu_desc`,`menu_level`,`icon`,`url`,`parent_menu_id`,`pri`,`creator_id`,`create_time`,`modifier_id`,`modify_time`,`del_flag`) values (3,'organize_mgr','组织管理','组织管理',NULL,'','/sec/organize_mgr.html',-1,NULL,NULL,NULL,NULL,NULL,NULL);
insert  into `menu`(`menu_id`,`menu_code`,`menu_name`,`menu_desc`,`menu_level`,`icon`,`url`,`parent_menu_id`,`pri`,`creator_id`,`create_time`,`modifier_id`,`modify_time`,`del_flag`) values (4,'role_mgr','角色管理','角色管理',NULL,'','/sec/role_mgr.html',-1,NULL,NULL,NULL,NULL,NULL,NULL);
insert  into `menu`(`menu_id`,`menu_code`,`menu_name`,`menu_desc`,`menu_level`,`icon`,`url`,`parent_menu_id`,`pri`,`creator_id`,`create_time`,`modifier_id`,`modify_time`,`del_flag`) values (5,'user_mgr','用户管理','用户管理',NULL,'','/sec/user_mgr.html',-1,NULL,NULL,NULL,NULL,NULL,NULL);
insert  into `menu`(`menu_id`,`menu_code`,`menu_name`,`menu_desc`,`menu_level`,`icon`,`url`,`parent_menu_id`,`pri`,`creator_id`,`create_time`,`modifier_id`,`modify_time`,`del_flag`) values (6,'cfg_ relat_mgr','数据关系管理','数据关系管理',NULL,'','/cfg/cfg_relat_mgr.html',-1,NULL,NULL,NULL,NULL,NULL,NULL);
insert  into `menu`(`menu_id`,`menu_code`,`menu_name`,`menu_desc`,`menu_level`,`icon`,`url`,`parent_menu_id`,`pri`,`creator_id`,`create_time`,`modifier_id`,`modify_time`,`del_flag`) values (7,'cfg_dataset_mgr','数据集管理','数据集管理',NULL,'','/cfg/cfg_dataset_mgr.html',-1,NULL,NULL,NULL,NULL,NULL,NULL);
insert  into `menu`(`menu_id`,`menu_code`,`menu_name`,`menu_desc`,`menu_level`,`icon`,`url`,`parent_menu_id`,`pri`,`creator_id`,`create_time`,`modifier_id`,`modify_time`,`del_flag`) values (8,'cfg_db_mgr','数据库管理','数据库管理',NULL,'','/cfg/cfg_db_mgr.html',-1,NULL,NULL,NULL,NULL,NULL,NULL);

/*Data for the table `organize` */

insert  into `organize`(`organize_id`,`organize_code`,`organize_name`,`organize_type`,`organize_level`,`parent_organize_id`,`status`,`creator_id`,`create_time`,`modifier_id`,`modify_time`) values (1,'ROOT','集团',NULL,NULL,-1,1,NULL,NULL,NULL,NULL);

/*Data for the table `role` */

insert  into `role`(`role_id`,`role_code`,`role_name`,`role_type`,`status`,`creator_id`,`create_time`,`modifier_id`,`modify_time`) values (1,'super_operator','超级管理员',NULL,1,NULL,NULL,NULL,NULL);
insert  into `role`(`role_id`,`role_code`,`role_name`,`role_type`,`status`,`creator_id`,`create_time`,`modifier_id`,`modify_time`) values (2,'general_operator','普通管理员',NULL,1,NULL,NULL,NULL,NULL);

/*Data for the table `role_authorize` */

/*Data for the table `user` */

insert  into `user`(`user_id`,`user_name`,`account`,`password`,`gender`,`mobile`,`email`,`addr`,`avatar`,`last_login_time`,`status`,`organize_id`,`creator_id`,`create_time`,`modifier_id`,`modify_time`,`del_flag`) values (1,'草鸡管理员','admin','admin',NULL,NULL,NULL,NULL,'http://pic.hanhande.com/files/141127/1283574_094432_8946.jpg',NULL,1,1,NULL,NULL,NULL,NULL,NULL);

/*Data for the table `user_authorize` */

insert  into `user_authorize`(`user_authorize_id`,`user_id`,`organize_id`,`role_id`,`status`,`creator_id`,`create_time`,`modifier_id`,`modify_time`) values (1,1,1,1,1,NULL,NULL,NULL,NULL);
